Run,TrainError,TestError,BestIndividual,GenerationOfBestSolution,Time
0,8.607782806160074e-14,2.0084826547699824e-13,((-0.534 / (x0 - x0)) / (x0 - x0)),1,162
1,2.1386146572735657e-12,6.342102407736114e-12,((x0 / (x0 - x0)) / (x0 - x0)),18,1887
2,4.279773295334348e-13,1.2691749038841765e-12,((x0 / (x0 - x0)) / (x0 - x0)),6,1391
3,1.6219893030439211e-06,5.173414810000388e-06,((x0 / (x0 - x0)) * x0),20,2283
4,5.623377584306827e-13,1.6676233091242473e-12,((x0 / (x0 - x0)) / (x0 - x0)),7,618
