Run,TrainError,TestError,BestIndividual,GenerationOfBestSolution,Time,SympyEquivalence
0,0.19069978442588156,0.25676604635478156,((x0 + (x0 / x0)) * x0),20,1,False
1,0.20659138178041603,0.17680828437726726,(((x0 / 0.929) * (x0 / 0.929)) + x0),20,0,False
2,0.1672264485730058,0.19645447008503603,(((x0 / x0) + (x0 + x0)) - cos(0.925)),20,1,False
3,1.1301081780815102e-32,2.328235310548125e-32,(x0 + ((x0 + (x0 * x0)) * x0)),20,0,False
4,0.39327214828608753,1.097775491843033,sin(((x0 - -0.136) - -0.136)),20,1,False
