Run,TrainError,TestError,BestIndividual,GenerationOfBestSolution,Time
0,8.440019061187469e-13,2.502903691754164e-12,((x0 / (x0 - x0)) / (x0 - x0)),9,213
1,9.578515928410193e-13,2.840527101294354e-12,((x0 / (x0 - x0)) / (x0 - x0)),13,288
2,7.44571439700497e-13,2.2080407540440896e-12,((x0 / (x0 - x0)) / (x0 - x0)),9,121
3,3.9625689432472114e-13,1.1751073504671017e-12,((x0 / (x0 - x0)) / (x0 - x0)),19,253
4,4.0550029702768147e-13,1.2025188368415826e-12,((x0 / (x0 - x0)) / (x0 - x0)),5,85
