Run,TrainError,TestError,BestIndividual,GenerationOfBestSolution,Time
0,2.38380783493965e-06,5.562218259569242e-06,((x0 / x0) / (x0 - x0)),20,459
1,7.554903226992292e-14,1.7628107529648609e-13,((0.937 / (x0 - x0)) / (x0 - x0)),7,98
2,2.2132417047941462e-07,5.164230323427254e-07,((-1.0 + (-1.0 + -1.0)) / (x0 - x0)),20,631
3,2.8001544397182803e-07,8.303919484453606e-07,((x0 / (x0 - x0)) + (0.872 + 0.841)),20,237
4,3.1046322292371594e-13,9.20684587530228e-13,((x0 / (x0 - x0)) / (x0 - x0)),6,182
