Run,TrainError,TestError,BestIndividual,GenerationOfBestSolution,Time,SympyEquivalence
0,0.8980551204667788,0.7831811965544029,(x0 / ((x0 / (x0 + x0))**(x0))),25,7,False
1,0.9343128052640884,0.9487058635892938,((x0 * x0) + (x0 + x0)),25,7,False
2,0.8023476457607924,0.38062769469314683,((x0 * x0) / (x0 + -0.275)),25,7,False
3,0.9830826277435107,0.9801121619624541,(x0 / ((sin(x0) - (-0.498 + x0))**(x0))),25,7,False
4,0.8998419760090467,0.7923048923351448,(sin((x0 - log(cos((x0 + -0.388))))) + x0),25,6,False
